cofog1.code,cofog1.label,cofog2.code,cofog2.label,year,amount
1,Alminnelig offentlig tjenesteyting,01.1,"Utøvende og lovgivende myndigheter, finansielle og fiskale formål, utenriksforhold",1996,1.1895E10
1,Alminnelig offentlig tjenesteyting,01.1,"Utøvende og lovgivende myndigheter, finansielle og fiskale formål, utenriksforhold",1997,1.2398E10
1,Alminnelig offentlig tjenesteyting,01.1,"Utøvende og lovgivende myndigheter, finansielle og fiskale formål, utenriksforhold",1998,1.3488E10
1,Alminnelig offentlig tjenesteyting,01.1,"Utøvende og lovgivende myndigheter, finansielle og fiskale formål, utenriksforhold",1999,1.4603E10
1,Alminnelig offentlig tjenesteyting,01.1,"Utøvende og lovgivende myndigheter, finansielle og fiskale formål, utenriksforhold",2000,1.5485E10
1,Alminnelig offentlig tjenesteyting,01.1,"Utøvende og lovgivende myndigheter, finansielle og fiskale formål, utenriksforhold",2001,2.7269E10
1,Alminnelig offentlig tjenesteyting,01.1,"Utøvende og lovgivende myndigheter, finansielle og fiskale formål, utenriksforhold",2002,2.6132E10
1,Alminnelig offentlig tjenesteyting,01.1,"Utøvende og lovgivende myndigheter, finansielle og fiskale formål, utenriksforhold",2003,2.6502E10
1,Alminnelig offentlig tjenesteyting,01.1,"Utøvende og lovgivende myndigheter, finansielle og fiskale formål, utenriksforhold",2004,2.7165E10
1,Alminnelig offentlig tjenesteyting,01.1,"Utøvende og lovgivende myndigheter, finansielle og fiskale formål, utenriksforhold",2005,2.8298E10
1,Alminnelig offentlig tjenesteyting,01.1,"Utøvende og lovgivende myndigheter, finansielle og fiskale formål, utenriksforhold",2006,3.0328E10
1,Alminnelig offentlig tjenesteyting,01.1,"Utøvende og lovgivende myndigheter, finansielle og fiskale formål, utenriksforhold",2007,3.3772E10
1,Alminnelig offentlig tjenesteyting,01.1,"Utøvende og lovgivende myndigheter, finansielle og fiskale formål, utenriksforhold",2008,3.6322E10
1,Alminnelig offentlig tjenesteyting,01.1,"Utøvende og lovgivende myndigheter, finansielle og fiskale formål, utenriksforhold",2009,4.1966E10
1,Alminnelig offentlig tjenesteyting,01.1,"Utøvende og lovgivende myndigheter, finansielle og fiskale formål, utenriksforhold",2010,4.2782E10
1,Alminnelig offentlig tjenesteyting,01.1,"Utøvende og lovgivende myndigheter, finansielle og fiskale formål, utenriksforhold",2011,4.4576E10
1,Alminnelig offentlig tjenesteyting,01.1,"Utøvende og lovgivende myndigheter, finansielle og fiskale formål, utenriksforhold",2012,4.366E10
1,Alminnelig offentlig tjenesteyting,01.2,Internasjonal økonomisk bistand,1996,8.912E9
1,Alminnelig offentlig tjenesteyting,01.2,Internasjonal økonomisk bistand,1997,9.668E9
1,Alminnelig offentlig tjenesteyting,01.2,Internasjonal økonomisk bistand,1998,1.0311E10
1,Alminnelig offentlig tjenesteyting,01.2,Internasjonal økonomisk bistand,1999,1.0489E10
1,Alminnelig offentlig tjenesteyting,01.2,Internasjonal økonomisk bistand,2000,1.0502E10
1,Alminnelig offentlig tjenesteyting,01.2,Internasjonal økonomisk bistand,2001,1.2028E10
1,Alminnelig offentlig tjenesteyting,01.2,Internasjonal økonomisk bistand,2002,1.3259E10
1,Alminnelig offentlig tjenesteyting,01.2,Internasjonal økonomisk bistand,2003,1.3778E10
1,Alminnelig offentlig tjenesteyting,01.2,Internasjonal økonomisk bistand,2004,1.4374E10
1,Alminnelig offentlig tjenesteyting,01.2,Internasjonal økonomisk bistand,2005,1.7254E10
1,Alminnelig offentlig tjenesteyting,01.2,Internasjonal økonomisk bistand,2006,1.8054E10
1,Alminnelig offentlig tjenesteyting,01.2,Internasjonal økonomisk bistand,2007,2.006E10
1,Alminnelig offentlig tjenesteyting,01.2,Internasjonal økonomisk bistand,2008,2.142E10
1,Alminnelig offentlig tjenesteyting,01.2,Internasjonal økonomisk bistand,2009,2.3165E10
1,Alminnelig offentlig tjenesteyting,01.2,Internasjonal økonomisk bistand,2010,2.5283E10
1,Alminnelig offentlig tjenesteyting,01.2,Internasjonal økonomisk bistand,2011,2.4529E10
1,Alminnelig offentlig tjenesteyting,01.2,Internasjonal økonomisk bistand,2012,2.54E10
1,Alminnelig offentlig tjenesteyting,01.3,Generell tjenesteyting,1996,6.807E9
1,Alminnelig offentlig tjenesteyting,01.3,Generell tjenesteyting,1997,7.542E9
1,Alminnelig offentlig tjenesteyting,01.3,Generell tjenesteyting,1998,8.204E9
1,Alminnelig offentlig tjenesteyting,01.3,Generell tjenesteyting,1999,8.554E9
1,Alminnelig offentlig tjenesteyting,01.3,Generell tjenesteyting,2000,7.67E9
1,Alminnelig offentlig tjenesteyting,01.3,Generell tjenesteyting,2001,8.552E9
1,Alminnelig offentlig tjenesteyting,01.3,Generell tjenesteyting,2002,7.593E9
1,Alminnelig offentlig tjenesteyting,01.3,Generell tjenesteyting,2003,9.066E9
1,Alminnelig offentlig tjenesteyting,01.3,Generell tjenesteyting,2004,8.69E9
1,Alminnelig offentlig tjenesteyting,01.3,Generell tjenesteyting,2005,8.076E9
1,Alminnelig offentlig tjenesteyting,01.3,Generell tjenesteyting,2006,8.52E9
1,Alminnelig offentlig tjenesteyting,01.3,Generell tjenesteyting,2007,9.433E9
1,Alminnelig offentlig tjenesteyting,01.3,Generell tjenesteyting,2008,1.1613E10
1,Alminnelig offentlig tjenesteyting,01.3,Generell tjenesteyting,2009,1.2413E10
1,Alminnelig offentlig tjenesteyting,01.3,Generell tjenesteyting,2010,1.1598E10
1,Alminnelig offentlig tjenesteyting,01.3,Generell tjenesteyting,2011,1.1728E10
1,Alminnelig offentlig tjenesteyting,01.3,Generell tjenesteyting,2012,1.3737E10
1,Alminnelig offentlig tjenesteyting,01.4,Grunnforskning,1996,9.56E8
1,Alminnelig offentlig tjenesteyting,01.4,Grunnforskning,1997,1.154E9
1,Alminnelig offentlig tjenesteyting,01.4,Grunnforskning,1998,1.176E9
1,Alminnelig offentlig tjenesteyting,01.4,Grunnforskning,1999,1.263E9
1,Alminnelig offentlig tjenesteyting,01.4,Grunnforskning,2000,1.231E9
1,Alminnelig offentlig tjenesteyting,01.4,Grunnforskning,2001,1.416E9
1,Alminnelig offentlig tjenesteyting,01.4,Grunnforskning,2002,1.585E9
1,Alminnelig offentlig tjenesteyting,01.4,Grunnforskning,2003,1.946E9
1,Alminnelig offentlig tjenesteyting,01.4,Grunnforskning,2004,2.012E9
1,Alminnelig offentlig tjenesteyting,01.4,Grunnforskning,2005,1.944E9
1,Alminnelig offentlig tjenesteyting,01.4,Grunnforskning,2006,2.035E9
1,Alminnelig offentlig tjenesteyting,01.4,Grunnforskning,2007,2.255E9
1,Alminnelig offentlig tjenesteyting,01.4,Grunnforskning,2008,2.425E9
1,Alminnelig offentlig tjenesteyting,01.4,Grunnforskning,2009,2.44E9
1,Alminnelig offentlig tjenesteyting,01.4,Grunnforskning,2010,2.447E9
1,Alminnelig offentlig tjenesteyting,01.4,Grunnforskning,2011,2.064E9
1,Alminnelig offentlig tjenesteyting,01.4,Grunnforskning,2012,2.021E9
1,Alminnelig offentlig tjenesteyting,01.5,Fou alminnelig offentlig tjenesteyting,1996,8.34E8
1,Alminnelig offentlig tjenesteyting,01.5,Fou alminnelig offentlig tjenesteyting,1997,9.91E8
1,Alminnelig offentlig tjenesteyting,01.5,Fou alminnelig offentlig tjenesteyting,1998,1.118E9
1,Alminnelig offentlig tjenesteyting,01.5,Fou alminnelig offentlig tjenesteyting,1999,7.17E8
1,Alminnelig offentlig tjenesteyting,01.5,Fou alminnelig offentlig tjenesteyting,2000,8.14E8
1,Alminnelig offentlig tjenesteyting,01.5,Fou alminnelig offentlig tjenesteyting,2001,8.81E8
1,Alminnelig offentlig tjenesteyting,01.5,Fou alminnelig offentlig tjenesteyting,2002,9.46E8
1,Alminnelig offentlig tjenesteyting,01.5,Fou alminnelig offentlig tjenesteyting,2003,1.058E9
1,Alminnelig offentlig tjenesteyting,01.5,Fou alminnelig offentlig tjenesteyting,2004,1.076E9
1,Alminnelig offentlig tjenesteyting,01.5,Fou alminnelig offentlig tjenesteyting,2005,1.216E9
1,Alminnelig offentlig tjenesteyting,01.5,Fou alminnelig offentlig tjenesteyting,2006,1.385E9
1,Alminnelig offentlig tjenesteyting,01.5,Fou alminnelig offentlig tjenesteyting,2007,7.09E8
1,Alminnelig offentlig tjenesteyting,01.5,Fou alminnelig offentlig tjenesteyting,2008,7.45E8
1,Alminnelig offentlig tjenesteyting,01.5,Fou alminnelig offentlig tjenesteyting,2009,7.93E8
1,Alminnelig offentlig tjenesteyting,01.5,Fou alminnelig offentlig tjenesteyting,2010,8.06E8
1,Alminnelig offentlig tjenesteyting,01.5,Fou alminnelig offentlig tjenesteyting,2011,1.436E9
1,Alminnelig offentlig tjenesteyting,01.5,Fou alminnelig offentlig tjenesteyting,2012,1.307E9
1,Alminnelig offentlig tjenesteyting,01.6,Alminnelig tjenesteyting ellers,1996,4.32E8
1,Alminnelig offentlig tjenesteyting,01.6,Alminnelig tjenesteyting ellers,1997,4.13E8
1,Alminnelig offentlig tjenesteyting,01.6,Alminnelig tjenesteyting ellers,1998,5.37E8
1,Alminnelig offentlig tjenesteyting,01.6,Alminnelig tjenesteyting ellers,1999,4.18E8
1,Alminnelig offentlig tjenesteyting,01.6,Alminnelig tjenesteyting ellers,2000,5.12E8
1,Alminnelig offentlig tjenesteyting,01.6,Alminnelig tjenesteyting ellers,2001,3.5E8
1,Alminnelig offentlig tjenesteyting,01.6,Alminnelig tjenesteyting ellers,2002,2.92E8
1,Alminnelig offentlig tjenesteyting,01.6,Alminnelig tjenesteyting ellers,2003,2.6E8
1,Alminnelig offentlig tjenesteyting,01.6,Alminnelig tjenesteyting ellers,2004,-4.5E7
1,Alminnelig offentlig tjenesteyting,01.6,Alminnelig tjenesteyting ellers,2005,3.42E8
1,Alminnelig offentlig tjenesteyting,01.6,Alminnelig tjenesteyting ellers,2006,2.54E8
1,Alminnelig offentlig tjenesteyting,01.6,Alminnelig tjenesteyting ellers,2007,4.31E8
1,Alminnelig offentlig tjenesteyting,01.6,Alminnelig tjenesteyting ellers,2008,4.72E8
1,Alminnelig offentlig tjenesteyting,01.6,Alminnelig tjenesteyting ellers,2009,4.92E8
1,Alminnelig offentlig tjenesteyting,01.6,Alminnelig tjenesteyting ellers,2010,4.01E8
1,Alminnelig offentlig tjenesteyting,01.6,Alminnelig tjenesteyting ellers,2011,4.28E8
1,Alminnelig offentlig tjenesteyting,01.6,Alminnelig tjenesteyting ellers,2012,3.12E8
1,Alminnelig offentlig tjenesteyting,01.7,Offentlige gjeldstransaksjoner,1996,2.5414E10
1,Alminnelig offentlig tjenesteyting,01.7,Offentlige gjeldstransaksjoner,1997,2.2702E10
1,Alminnelig offentlig tjenesteyting,01.7,Offentlige gjeldstransaksjoner,1998,2.3003E10
1,Alminnelig offentlig tjenesteyting,01.7,Offentlige gjeldstransaksjoner,1999,2.1628E10
1,Alminnelig offentlig tjenesteyting,01.7,Offentlige gjeldstransaksjoner,2000,2.2192E10
1,Alminnelig offentlig tjenesteyting,01.7,Offentlige gjeldstransaksjoner,2001,2.6855E10
1,Alminnelig offentlig tjenesteyting,01.7,Offentlige gjeldstransaksjoner,2002,2.6395E10
1,Alminnelig offentlig tjenesteyting,01.7,Offentlige gjeldstransaksjoner,2003,2.6886E10
1,Alminnelig offentlig tjenesteyting,01.7,Offentlige gjeldstransaksjoner,2004,2.4059E10
1,Alminnelig offentlig tjenesteyting,01.7,Offentlige gjeldstransaksjoner,2005,2.3408E10
1,Alminnelig offentlig tjenesteyting,01.7,Offentlige gjeldstransaksjoner,2006,3.3036E10
1,Alminnelig offentlig tjenesteyting,01.7,Offentlige gjeldstransaksjoner,2007,2.9741E10
1,Alminnelig offentlig tjenesteyting,01.7,Offentlige gjeldstransaksjoner,2008,3.7194E10
1,Alminnelig offentlig tjenesteyting,01.7,Offentlige gjeldstransaksjoner,2009,3.3917E10
1,Alminnelig offentlig tjenesteyting,01.7,Offentlige gjeldstransaksjoner,2010,3.2296E10
1,Alminnelig offentlig tjenesteyting,01.7,Offentlige gjeldstransaksjoner,2011,3.0281E10
1,Alminnelig offentlig tjenesteyting,01.7,Offentlige gjeldstransaksjoner,2012,2.6495E10
1,Alminnelig offentlig tjenesteyting,01.8,Overføringer av generell karakter mellom forvaltningsnivåene,1996,0
1,Alminnelig offentlig tjenesteyting,01.8,Overføringer av generell karakter mellom forvaltningsnivåene,1997,0
1,Alminnelig offentlig tjenesteyting,01.8,Overføringer av generell karakter mellom forvaltningsnivåene,1998,0
1,Alminnelig offentlig tjenesteyting,01.8,Overføringer av generell karakter mellom forvaltningsnivåene,1999,0
1,Alminnelig offentlig tjenesteyting,01.8,Overføringer av generell karakter mellom forvaltningsnivåene,2000,0
1,Alminnelig offentlig tjenesteyting,01.8,Overføringer av generell karakter mellom forvaltningsnivåene,2001,0
1,Alminnelig offentlig tjenesteyting,01.8,Overføringer av generell karakter mellom forvaltningsnivåene,2002,0
1,Alminnelig offentlig tjenesteyting,01.8,Overføringer av generell karakter mellom forvaltningsnivåene,2003,0
1,Alminnelig offentlig tjenesteyting,01.8,Overføringer av generell karakter mellom forvaltningsnivåene,2004,0
1,Alminnelig offentlig tjenesteyting,01.8,Overføringer av generell karakter mellom forvaltningsnivåene,2005,0
1,Alminnelig offentlig tjenesteyting,01.8,Overføringer av generell karakter mellom forvaltningsnivåene,2006,0
1,Alminnelig offentlig tjenesteyting,01.8,Overføringer av generell karakter mellom forvaltningsnivåene,2007,0
1,Alminnelig offentlig tjenesteyting,01.8,Overføringer av generell karakter mellom forvaltningsnivåene,2008,0
1,Alminnelig offentlig tjenesteyting,01.8,Overføringer av generell karakter mellom forvaltningsnivåene,2009,0
1,Alminnelig offentlig tjenesteyting,01.8,Overføringer av generell karakter mellom forvaltningsnivåene,2010,0
1,Alminnelig offentlig tjenesteyting,01.8,Overføringer av generell karakter mellom forvaltningsnivåene,2011,0
1,Alminnelig offentlig tjenesteyting,01.8,Overføringer av generell karakter mellom forvaltningsnivåene,2012,0
2,Forsvar,02.1,Militært forsvar,1996,2.3079E10
2,Forsvar,02.1,Militært forsvar,1997,2.4584E10
2,Forsvar,02.1,Militært forsvar,1998,2.4536E10
2,Forsvar,02.1,Militært forsvar,1999,2.4428E10
2,Forsvar,02.1,Militært forsvar,2000,2.4487E10
2,Forsvar,02.1,Militært forsvar,2001,2.6003E10
2,Forsvar,02.1,Militært forsvar,2002,2.7972E10
2,Forsvar,02.1,Militært forsvar,2003,2.7639E10
2,Forsvar,02.1,Militært forsvar,2004,2.8617E10
2,Forsvar,02.1,Militært forsvar,2005,2.7267E10
2,Forsvar,02.1,Militært forsvar,2006,3.19E10
2,Forsvar,02.1,Militært forsvar,2007,3.4801E10
2,Forsvar,02.1,Militært forsvar,2008,3.6693E10
2,Forsvar,02.1,Militært forsvar,2009,3.6467E10
2,Forsvar,02.1,Militært forsvar,2010,3.453E10
2,Forsvar,02.1,Militært forsvar,2011,3.863E10
2,Forsvar,02.1,Militært forsvar,2012,3.6645E10
2,Forsvar,02.2,Sivilforsvar,1996,3.33E8
2,Forsvar,02.2,Sivilforsvar,1997,3.56E8
2,Forsvar,02.2,Sivilforsvar,1998,3.95E8
2,Forsvar,02.2,Sivilforsvar,1999,3.87E8
2,Forsvar,02.2,Sivilforsvar,2000,9.2E8
2,Forsvar,02.2,Sivilforsvar,2001,9.33E8
2,Forsvar,02.2,Sivilforsvar,2002,8.29E8
2,Forsvar,02.2,Sivilforsvar,2003,7.57E8
2,Forsvar,02.2,Sivilforsvar,2004,9.07E8
2,Forsvar,02.2,Sivilforsvar,2005,8.42E8
2,Forsvar,02.2,Sivilforsvar,2006,6.83E8
2,Forsvar,02.2,Sivilforsvar,2007,6.67E8
2,Forsvar,02.2,Sivilforsvar,2008,8.55E8
2,Forsvar,02.2,Sivilforsvar,2009,1.035E9
2,Forsvar,02.2,Sivilforsvar,2010,9.57E8
2,Forsvar,02.2,Sivilforsvar,2011,1.073E9
2,Forsvar,02.2,Sivilforsvar,2012,9.87E8
2,Forsvar,02.3,Utenlandsk militær bistand,1996,1.333E9
2,Forsvar,02.3,Utenlandsk militær bistand,1997,1.062E9
2,Forsvar,02.3,Utenlandsk militær bistand,1998,1.284E9
2,Forsvar,02.3,Utenlandsk militær bistand,1999,2.115E9
2,Forsvar,02.3,Utenlandsk militær bistand,2000,2.203E9
2,Forsvar,02.3,Utenlandsk militær bistand,2001,1.724E9
2,Forsvar,02.3,Utenlandsk militær bistand,2002,2.001E9
2,Forsvar,02.3,Utenlandsk militær bistand,2003,1.55E9
2,Forsvar,02.3,Utenlandsk militær bistand,2004,8.29E8
2,Forsvar,02.3,Utenlandsk militær bistand,2005,8.78E8
2,Forsvar,02.3,Utenlandsk militær bistand,2006,1.034E9
2,Forsvar,02.3,Utenlandsk militær bistand,2007,1.298E9
2,Forsvar,02.3,Utenlandsk militær bistand,2008,1.416E9
2,Forsvar,02.3,Utenlandsk militær bistand,2009,1.773E9
2,Forsvar,02.3,Utenlandsk militær bistand,2010,1.681E9
2,Forsvar,02.3,Utenlandsk militær bistand,2011,1.815E9
2,Forsvar,02.3,Utenlandsk militær bistand,2012,1.38E9
2,Forsvar,02.4,Fou forsvar,1996,3.46E8
2,Forsvar,02.4,Fou forsvar,1997,3.02E8
2,Forsvar,02.4,Fou forsvar,1998,2.66E8
2,Forsvar,02.4,Fou forsvar,1999,2.76E8
2,Forsvar,02.4,Fou forsvar,2000,2.79E8
2,Forsvar,02.4,Fou forsvar,2001,3.06E8
2,Forsvar,02.4,Fou forsvar,2002,2.81E8
2,Forsvar,02.4,Fou forsvar,2003,3.45E8
2,Forsvar,02.4,Fou forsvar,2004,3.2E8
2,Forsvar,02.4,Fou forsvar,2005,4.84E8
2,Forsvar,02.4,Fou forsvar,2006,5.46E8
2,Forsvar,02.4,Fou forsvar,2007,6.16E8
2,Forsvar,02.4,Fou forsvar,2008,6.61E8
2,Forsvar,02.4,Fou forsvar,2009,6.6E8
2,Forsvar,02.4,Fou forsvar,2010,7.36E8
2,Forsvar,02.4,Fou forsvar,2011,7.53E8
2,Forsvar,02.4,Fou forsvar,2012,7.83E8
3,Offentlig orden og trygghet,03.1,Politi,1996,5.211E9
3,Offentlig orden og trygghet,03.1,Politi,1997,5.53E9
3,Offentlig orden og trygghet,03.1,Politi,1998,6.0E9
3,Offentlig orden og trygghet,03.1,Politi,1999,6.394E9
3,Offentlig orden og trygghet,03.1,Politi,2000,6.772E9
3,Offentlig orden og trygghet,03.1,Politi,2001,7.245E9
3,Offentlig orden og trygghet,03.1,Politi,2002,7.986E9
3,Offentlig orden og trygghet,03.1,Politi,2003,7.757E9
3,Offentlig orden og trygghet,03.1,Politi,2004,7.785E9
3,Offentlig orden og trygghet,03.1,Politi,2005,8.516E9
3,Offentlig orden og trygghet,03.1,Politi,2006,9.105E9
3,Offentlig orden og trygghet,03.1,Politi,2007,9.799E9
3,Offentlig orden og trygghet,03.1,Politi,2008,1.0537E10
3,Offentlig orden og trygghet,03.1,Politi,2009,1.1283E10
3,Offentlig orden og trygghet,03.1,Politi,2010,1.2258E10
3,Offentlig orden og trygghet,03.1,Politi,2011,1.2922E10
3,Offentlig orden og trygghet,03.1,Politi,2012,1.3395E10
3,Offentlig orden og trygghet,03.2,Brannvern og redningstjenester,1996,1.631E9
3,Offentlig orden og trygghet,03.2,Brannvern og redningstjenester,1997,1.738E9
3,Offentlig orden og trygghet,03.2,Brannvern og redningstjenester,1998,1.927E9
3,Offentlig orden og trygghet,03.2,Brannvern og redningstjenester,1999,2.095E9
3,Offentlig orden og trygghet,03.2,Brannvern og redningstjenester,2000,2.17E9
3,Offentlig orden og trygghet,03.2,Brannvern og redningstjenester,2001,2.171E9
3,Offentlig orden og trygghet,03.2,Brannvern og redningstjenester,2002,2.423E9
3,Offentlig orden og trygghet,03.2,Brannvern og redningstjenester,2003,2.531E9
3,Offentlig orden og trygghet,03.2,Brannvern og redningstjenester,2004,2.723E9
3,Offentlig orden og trygghet,03.2,Brannvern og redningstjenester,2005,3.185E9
3,Offentlig orden og trygghet,03.2,Brannvern og redningstjenester,2006,3.577E9
3,Offentlig orden og trygghet,03.2,Brannvern og redningstjenester,2007,3.789E9
3,Offentlig orden og trygghet,03.2,Brannvern og redningstjenester,2008,4.188E9
3,Offentlig orden og trygghet,03.2,Brannvern og redningstjenester,2009,4.508E9
3,Offentlig orden og trygghet,03.2,Brannvern og redningstjenester,2010,4.493E9
3,Offentlig orden og trygghet,03.2,Brannvern og redningstjenester,2011,4.939E9
3,Offentlig orden og trygghet,03.2,Brannvern og redningstjenester,2012,5.231E9
3,Offentlig orden og trygghet,03.3,Domstoler,1996,1.569E9
3,Offentlig orden og trygghet,03.3,Domstoler,1997,1.642E9
3,Offentlig orden og trygghet,03.3,Domstoler,1998,1.764E9
3,Offentlig orden og trygghet,03.3,Domstoler,1999,2.189E9
3,Offentlig orden og trygghet,03.3,Domstoler,2000,2.286E9
3,Offentlig orden og trygghet,03.3,Domstoler,2001,2.401E9
3,Offentlig orden og trygghet,03.3,Domstoler,2002,2.847E9
3,Offentlig orden og trygghet,03.3,Domstoler,2003,3.013E9
3,Offentlig orden og trygghet,03.3,Domstoler,2004,3.078E9
3,Offentlig orden og trygghet,03.3,Domstoler,2005,3.346E9
3,Offentlig orden og trygghet,03.3,Domstoler,2006,3.324E9
3,Offentlig orden og trygghet,03.3,Domstoler,2007,3.601E9
3,Offentlig orden og trygghet,03.3,Domstoler,2008,3.816E9
3,Offentlig orden og trygghet,03.3,Domstoler,2009,4.02E9
3,Offentlig orden og trygghet,03.3,Domstoler,2010,4.093E9
3,Offentlig orden og trygghet,03.3,Domstoler,2011,4.348E9
3,Offentlig orden og trygghet,03.3,Domstoler,2012,4.761E9
3,Offentlig orden og trygghet,03.4,Fengsler,1996,1.457E9
3,Offentlig orden og trygghet,03.4,Fengsler,1997,1.462E9
3,Offentlig orden og trygghet,03.4,Fengsler,1998,1.516E9
3,Offentlig orden og trygghet,03.4,Fengsler,1999,1.597E9
3,Offentlig orden og trygghet,03.4,Fengsler,2000,1.632E9
3,Offentlig orden og trygghet,03.4,Fengsler,2001,1.709E9
3,Offentlig orden og trygghet,03.4,Fengsler,2002,1.801E9
3,Offentlig orden og trygghet,03.4,Fengsler,2003,1.829E9
3,Offentlig orden og trygghet,03.4,Fengsler,2004,1.942E9
3,Offentlig orden og trygghet,03.4,Fengsler,2005,2.132E9
3,Offentlig orden og trygghet,03.4,Fengsler,2006,2.324E9
3,Offentlig orden og trygghet,03.4,Fengsler,2007,2.613E9
3,Offentlig orden og trygghet,03.4,Fengsler,2008,2.812E9
3,Offentlig orden og trygghet,03.4,Fengsler,2009,3.215E9
3,Offentlig orden og trygghet,03.4,Fengsler,2010,3.412E9
3,Offentlig orden og trygghet,03.4,Fengsler,2011,3.581E9
3,Offentlig orden og trygghet,03.4,Fengsler,2012,3.672E9
3,Offentlig orden og trygghet,03.6,Offentlig orden og trygghet ellers,1996,4.92E8
3,Offentlig orden og trygghet,03.6,Offentlig orden og trygghet ellers,1997,5.29E8
3,Offentlig orden og trygghet,03.6,Offentlig orden og trygghet ellers,1998,9.08E8
3,Offentlig orden og trygghet,03.6,Offentlig orden og trygghet ellers,1999,1.665E9
3,Offentlig orden og trygghet,03.6,Offentlig orden og trygghet ellers,2000,1.811E9
3,Offentlig orden og trygghet,03.6,Offentlig orden og trygghet ellers,2001,1.841E9
3,Offentlig orden og trygghet,03.6,Offentlig orden og trygghet ellers,2002,2.539E9
3,Offentlig orden og trygghet,03.6,Offentlig orden og trygghet ellers,2003,2.601E9
3,Offentlig orden og trygghet,03.6,Offentlig orden og trygghet ellers,2004,2.689E9
3,Offentlig orden og trygghet,03.6,Offentlig orden og trygghet ellers,2005,4.1E8
3,Offentlig orden og trygghet,03.6,Offentlig orden og trygghet ellers,2006,4.86E8
3,Offentlig orden og trygghet,03.6,Offentlig orden og trygghet ellers,2007,4.28E8
3,Offentlig orden og trygghet,03.6,Offentlig orden og trygghet ellers,2008,4.45E8
3,Offentlig orden og trygghet,03.6,Offentlig orden og trygghet ellers,2009,4.35E8
3,Offentlig orden og trygghet,03.6,Offentlig orden og trygghet ellers,2010,5.04E8
3,Offentlig orden og trygghet,03.6,Offentlig orden og trygghet ellers,2011,5.83E8
3,Offentlig orden og trygghet,03.6,Offentlig orden og trygghet ellers,2012,5.92E8
4,Næringsøkonomiske formål,04.1,Generelle næringsøkonomiske formål og arbeidsmarkedsformål,1996,8.857E9
4,Næringsøkonomiske formål,04.1,Generelle næringsøkonomiske formål og arbeidsmarkedsformål,1997,8.341E9
4,Næringsøkonomiske formål,04.1,Generelle næringsøkonomiske formål og arbeidsmarkedsformål,1998,7.776E9
4,Næringsøkonomiske formål,04.1,Generelle næringsøkonomiske formål og arbeidsmarkedsformål,1999,8.364E9
4,Næringsøkonomiske formål,04.1,Generelle næringsøkonomiske formål og arbeidsmarkedsformål,2000,8.755E9
4,Næringsøkonomiske formål,04.1,Generelle næringsøkonomiske formål og arbeidsmarkedsformål,2001,1.0835E10
4,Næringsøkonomiske formål,04.1,Generelle næringsøkonomiske formål og arbeidsmarkedsformål,2002,1.0558E10
4,Næringsøkonomiske formål,04.1,Generelle næringsøkonomiske formål og arbeidsmarkedsformål,2003,1.0569E10
4,Næringsøkonomiske formål,04.1,Generelle næringsøkonomiske formål og arbeidsmarkedsformål,2004,1.0503E10
4,Næringsøkonomiske formål,04.1,Generelle næringsøkonomiske formål og arbeidsmarkedsformål,2005,1.1873E10
4,Næringsøkonomiske formål,04.1,Generelle næringsøkonomiske formål og arbeidsmarkedsformål,2006,1.184E10
4,Næringsøkonomiske formål,04.1,Generelle næringsøkonomiske formål og arbeidsmarkedsformål,2007,1.0587E10
4,Næringsøkonomiske formål,04.1,Generelle næringsøkonomiske formål og arbeidsmarkedsformål,2008,1.18E10
4,Næringsøkonomiske formål,04.1,Generelle næringsøkonomiske formål og arbeidsmarkedsformål,2009,1.2728E10
4,Næringsøkonomiske formål,04.1,Generelle næringsøkonomiske formål og arbeidsmarkedsformål,2010,1.4347E10
4,Næringsøkonomiske formål,04.1,Generelle næringsøkonomiske formål og arbeidsmarkedsformål,2011,1.2513E10
4,Næringsøkonomiske formål,04.1,Generelle næringsøkonomiske formål og arbeidsmarkedsformål,2012,1.3116E10
4,Næringsøkonomiske formål,04.2,"Jordbruk, skogbruk, fiske og fangst",1996,1.4221E10
4,Næringsøkonomiske formål,04.2,"Jordbruk, skogbruk, fiske og fangst",1997,1.3857E10
4,Næringsøkonomiske formål,04.2,"Jordbruk, skogbruk, fiske og fangst",1998,1.4998E10
4,Næringsøkonomiske formål,04.2,"Jordbruk, skogbruk, fiske og fangst",1999,1.5814E10
4,Næringsøkonomiske formål,04.2,"Jordbruk, skogbruk, fiske og fangst",2000,1.561E10
4,Næringsøkonomiske formål,04.2,"Jordbruk, skogbruk, fiske og fangst",2001,1.5487E10
4,Næringsøkonomiske formål,04.2,"Jordbruk, skogbruk, fiske og fangst",2002,1.5853E10
4,Næringsøkonomiske formål,04.2,"Jordbruk, skogbruk, fiske og fangst",2003,1.5425E10
4,Næringsøkonomiske formål,04.2,"Jordbruk, skogbruk, fiske og fangst",2004,1.4495E10
4,Næringsøkonomiske formål,04.2,"Jordbruk, skogbruk, fiske og fangst",2005,1.4083E10
4,Næringsøkonomiske formål,04.2,"Jordbruk, skogbruk, fiske og fangst",2006,1.4403E10
4,Næringsøkonomiske formål,04.2,"Jordbruk, skogbruk, fiske og fangst",2007,1.3583E10
4,Næringsøkonomiske formål,04.2,"Jordbruk, skogbruk, fiske og fangst",2008,1.4752E10
4,Næringsøkonomiske formål,04.2,"Jordbruk, skogbruk, fiske og fangst",2009,1.529E10
4,Næringsøkonomiske formål,04.2,"Jordbruk, skogbruk, fiske og fangst",2010,1.6027E10
4,Næringsøkonomiske formål,04.2,"Jordbruk, skogbruk, fiske og fangst",2011,1.6213E10
4,Næringsøkonomiske formål,04.2,"Jordbruk, skogbruk, fiske og fangst",2012,1.6563E10
4,Næringsøkonomiske formål,04.3,Brensel og energi,1996,1.361E9
4,Næringsøkonomiske formål,04.3,Brensel og energi,1997,1.182E9
4,Næringsøkonomiske formål,04.3,Brensel og energi,1998,1.039E9
4,Næringsøkonomiske formål,04.3,Brensel og energi,1999,1.262E9
4,Næringsøkonomiske formål,04.3,Brensel og energi,2000,1.161E9
4,Næringsøkonomiske formål,04.3,Brensel og energi,2001,2.497E9
4,Næringsøkonomiske formål,04.3,Brensel og energi,2002,1.434E9
4,Næringsøkonomiske formål,04.3,Brensel og energi,2003,1.715E9
4,Næringsøkonomiske formål,04.3,Brensel og energi,2004,1.692E9
4,Næringsøkonomiske formål,04.3,Brensel og energi,2005,1.175E9
4,Næringsøkonomiske formål,04.3,Brensel og energi,2006,1.315E9
4,Næringsøkonomiske formål,04.3,Brensel og energi,2007,1.6E9
4,Næringsøkonomiske formål,04.3,Brensel og energi,2008,2.153E9
4,Næringsøkonomiske formål,04.3,Brensel og energi,2009,2.455E9
4,Næringsøkonomiske formål,04.3,Brensel og energi,2010,3.16E9
4,Næringsøkonomiske formål,04.3,Brensel og energi,2011,3.468E9
4,Næringsøkonomiske formål,04.3,Brensel og energi,2012,4.078E9
4,Næringsøkonomiske formål,04.4,"Bergverksdrift, industri og bygge- og anleggsvirksomhet",1996,1.468E9
4,Næringsøkonomiske formål,04.4,"Bergverksdrift, industri og bygge- og anleggsvirksomhet",1997,1.571E9
4,Næringsøkonomiske formål,04.4,"Bergverksdrift, industri og bygge- og anleggsvirksomhet",1998,2.166E9
4,Næringsøkonomiske formål,04.4,"Bergverksdrift, industri og bygge- og anleggsvirksomhet",1999,2.374E9
4,Næringsøkonomiske formål,04.4,"Bergverksdrift, industri og bygge- og anleggsvirksomhet",2000,1.665E9
4,Næringsøkonomiske formål,04.4,"Bergverksdrift, industri og bygge- og anleggsvirksomhet",2001,9.04E8
4,Næringsøkonomiske formål,04.4,"Bergverksdrift, industri og bygge- og anleggsvirksomhet",2002,1.708E9
4,Næringsøkonomiske formål,04.4,"Bergverksdrift, industri og bygge- og anleggsvirksomhet",2003,1.647E9
4,Næringsøkonomiske formål,04.4,"Bergverksdrift, industri og bygge- og anleggsvirksomhet",2004,2.79E8
4,Næringsøkonomiske formål,04.4,"Bergverksdrift, industri og bygge- og anleggsvirksomhet",2005,8.1E7
4,Næringsøkonomiske formål,04.4,"Bergverksdrift, industri og bygge- og anleggsvirksomhet",2006,7.6E7
4,Næringsøkonomiske formål,04.4,"Bergverksdrift, industri og bygge- og anleggsvirksomhet",2007,1.06E8
4,Næringsøkonomiske formål,04.4,"Bergverksdrift, industri og bygge- og anleggsvirksomhet",2008,1.57E8
4,Næringsøkonomiske formål,04.4,"Bergverksdrift, industri og bygge- og anleggsvirksomhet",2009,8.6E7
4,Næringsøkonomiske formål,04.4,"Bergverksdrift, industri og bygge- og anleggsvirksomhet",2010,9.6E7
4,Næringsøkonomiske formål,04.4,"Bergverksdrift, industri og bygge- og anleggsvirksomhet",2011,1.05E8
4,Næringsøkonomiske formål,04.4,"Bergverksdrift, industri og bygge- og anleggsvirksomhet",2012,1.08E8
4,Næringsøkonomiske formål,04.5,Transport,1996,2.5174E10
4,Næringsøkonomiske formål,04.5,Transport,1997,2.6683E10
4,Næringsøkonomiske formål,04.5,Transport,1998,2.9539E10
4,Næringsøkonomiske formål,04.5,Transport,1999,2.8645E10
4,Næringsøkonomiske formål,04.5,Transport,2000,3.5162E10
4,Næringsøkonomiske formål,04.5,Transport,2001,2.9652E10
4,Næringsøkonomiske formål,04.5,Transport,2002,3.2053E10
4,Næringsøkonomiske formål,04.5,Transport,2003,3.3334E10
4,Næringsøkonomiske formål,04.5,Transport,2004,3.6438E10
4,Næringsøkonomiske formål,04.5,Transport,2005,3.862E10
4,Næringsøkonomiske formål,04.5,Transport,2006,4.075E10
4,Næringsøkonomiske formål,04.5,Transport,2007,4.6156E10
4,Næringsøkonomiske formål,04.5,Transport,2008,5.2064E10
4,Næringsøkonomiske formål,04.5,Transport,2009,6.0663E10
4,Næringsøkonomiske formål,04.5,Transport,2010,6.4691E10
4,Næringsøkonomiske formål,04.5,Transport,2011,6.996E10
4,Næringsøkonomiske formål,04.5,Transport,2012,7.6492E10
4,Næringsøkonomiske formål,04.6,Post og telekommunikasjoner,1996,6.57E8
4,Næringsøkonomiske formål,04.6,Post og telekommunikasjoner,1997,1.073E9
4,Næringsøkonomiske formål,04.6,Post og telekommunikasjoner,1998,8.87E8
4,Næringsøkonomiske formål,04.6,Post og telekommunikasjoner,1999,7.42E8
4,Næringsøkonomiske formål,04.6,Post og telekommunikasjoner,2000,2.24E8
4,Næringsøkonomiske formål,04.6,Post og telekommunikasjoner,2001,2.19E8
4,Næringsøkonomiske formål,04.6,Post og telekommunikasjoner,2002,2.11E8
4,Næringsøkonomiske formål,04.6,Post og telekommunikasjoner,2003,2.2E8
4,Næringsøkonomiske formål,04.6,Post og telekommunikasjoner,2004,5.34E8
4,Næringsøkonomiske formål,04.6,Post og telekommunikasjoner,2005,8.77E8
4,Næringsøkonomiske formål,04.6,Post og telekommunikasjoner,2006,6.27E8
4,Næringsøkonomiske formål,04.6,Post og telekommunikasjoner,2007,7.48E8
4,Næringsøkonomiske formål,04.6,Post og telekommunikasjoner,2008,7.24E8
4,Næringsøkonomiske formål,04.6,Post og telekommunikasjoner,2009,1.295E9
4,Næringsøkonomiske formål,04.6,Post og telekommunikasjoner,2010,1.392E9
4,Næringsøkonomiske formål,04.6,Post og telekommunikasjoner,2011,1.22E9
4,Næringsøkonomiske formål,04.6,Post og telekommunikasjoner,2012,1.044E9
4,Næringsøkonomiske formål,04.7,Andre næringer,1996,9.88E8
4,Næringsøkonomiske formål,04.7,Andre næringer,1997,4.92E8
4,Næringsøkonomiske formål,04.7,Andre næringer,1998,4.89E8
4,Næringsøkonomiske formål,04.7,Andre næringer,1999,6.42E8
4,Næringsøkonomiske formål,04.7,Andre næringer,2000,1.037E9
4,Næringsøkonomiske formål,04.7,Andre næringer,2001,7.53E8
4,Næringsøkonomiske formål,04.7,Andre næringer,2002,6.32E8
4,Næringsøkonomiske formål,04.7,Andre næringer,2003,6.68E8
4,Næringsøkonomiske formål,04.7,Andre næringer,2004,3.58E8
4,Næringsøkonomiske formål,04.7,Andre næringer,2005,9.92E8
4,Næringsøkonomiske formål,04.7,Andre næringer,2006,1.356E9
4,Næringsøkonomiske formål,04.7,Andre næringer,2007,1.283E9
4,Næringsøkonomiske formål,04.7,Andre næringer,2008,1.446E9
4,Næringsøkonomiske formål,04.7,Andre næringer,2009,9.1E8
4,Næringsøkonomiske formål,04.7,Andre næringer,2010,3.45E8
4,Næringsøkonomiske formål,04.7,Andre næringer,2011,5.3E8
4,Næringsøkonomiske formål,04.7,Andre næringer,2012,5.44E8
4,Næringsøkonomiske formål,04.8,Fou generelle næringsøkonomiske formål,1996,2.274E9
4,Næringsøkonomiske formål,04.8,Fou generelle næringsøkonomiske formål,1997,2.711E9
4,Næringsøkonomiske formål,04.8,Fou generelle næringsøkonomiske formål,1998,2.711E9
4,Næringsøkonomiske formål,04.8,Fou generelle næringsøkonomiske formål,1999,1.528E9
4,Næringsøkonomiske formål,04.8,Fou generelle næringsøkonomiske formål,2000,1.825E9
4,Næringsøkonomiske formål,04.8,Fou generelle næringsøkonomiske formål,2001,2.604E9
4,Næringsøkonomiske formål,04.8,Fou generelle næringsøkonomiske formål,2002,2.507E9
4,Næringsøkonomiske formål,04.8,Fou generelle næringsøkonomiske formål,2003,2.818E9
4,Næringsøkonomiske formål,04.8,Fou generelle næringsøkonomiske formål,2004,2.131E9
4,Næringsøkonomiske formål,04.8,Fou generelle næringsøkonomiske formål,2005,3.35E9
4,Næringsøkonomiske formål,04.8,Fou generelle næringsøkonomiske formål,2006,3.367E9
4,Næringsøkonomiske formål,04.8,Fou generelle næringsøkonomiske formål,2007,3.334E9
4,Næringsøkonomiske formål,04.8,Fou generelle næringsøkonomiske formål,2008,3.562E9
4,Næringsøkonomiske formål,04.8,Fou generelle næringsøkonomiske formål,2009,3.861E9
4,Næringsøkonomiske formål,04.8,Fou generelle næringsøkonomiske formål,2010,4.054E9
4,Næringsøkonomiske formål,04.8,Fou generelle næringsøkonomiske formål,2011,4.084E9
4,Næringsøkonomiske formål,04.8,Fou generelle næringsøkonomiske formål,2012,4.148E9
4,Næringsøkonomiske formål,04.9,Næringsøkonomiske formål ellers,1996,3.05E8
4,Næringsøkonomiske formål,04.9,Næringsøkonomiske formål ellers,1997,1.12E8
4,Næringsøkonomiske formål,04.9,Næringsøkonomiske formål ellers,1998,1.27E8
4,Næringsøkonomiske formål,04.9,Næringsøkonomiske formål ellers,1999,1.29E8
4,Næringsøkonomiske formål,04.9,Næringsøkonomiske formål ellers,2000,9.9E7
4,Næringsøkonomiske formål,04.9,Næringsøkonomiske formål ellers,2001,2.189E9
4,Næringsøkonomiske formål,04.9,Næringsøkonomiske formål ellers,2002,2.136E9
4,Næringsøkonomiske formål,04.9,Næringsøkonomiske formål ellers,2003,2.422E9
4,Næringsøkonomiske formål,04.9,Næringsøkonomiske formål ellers,2004,2.086E9
4,Næringsøkonomiske formål,04.9,Næringsøkonomiske formål ellers,2005,3.155E9
4,Næringsøkonomiske formål,04.9,Næringsøkonomiske formål ellers,2006,3.368E9
4,Næringsøkonomiske formål,04.9,Næringsøkonomiske formål ellers,2007,4.458E9
4,Næringsøkonomiske formål,04.9,Næringsøkonomiske formål ellers,2008,5.985E9
4,Næringsøkonomiske formål,04.9,Næringsøkonomiske formål ellers,2009,6.088E9
4,Næringsøkonomiske formål,04.9,Næringsøkonomiske formål ellers,2010,5.95E9
4,Næringsøkonomiske formål,04.9,Næringsøkonomiske formål ellers,2011,6.594E9
4,Næringsøkonomiske formål,04.9,Næringsøkonomiske formål ellers,2012,6.583E9
5,Miljøvern,05.1,Avfallshåndtering,1996,2.863E9
5,Miljøvern,05.1,Avfallshåndtering,1997,2.486E9
5,Miljøvern,05.1,Avfallshåndtering,1998,2.35E9
5,Miljøvern,05.1,Avfallshåndtering,1999,2.324E9
5,Miljøvern,05.1,Avfallshåndtering,2000,2.358E9
5,Miljøvern,05.1,Avfallshåndtering,2001,2.196E9
5,Miljøvern,05.1,Avfallshåndtering,2002,2.011E9
5,Miljøvern,05.1,Avfallshåndtering,2003,2.177E9
5,Miljøvern,05.1,Avfallshåndtering,2004,3.325E9
5,Miljøvern,05.1,Avfallshåndtering,2005,3.154E9
5,Miljøvern,05.1,Avfallshåndtering,2006,3.293E9
5,Miljøvern,05.1,Avfallshåndtering,2007,3.763E9
5,Miljøvern,05.1,Avfallshåndtering,2008,4.175E9
5,Miljøvern,05.1,Avfallshåndtering,2009,4.749E9
5,Miljøvern,05.1,Avfallshåndtering,2010,5.029E9
5,Miljøvern,05.1,Avfallshåndtering,2011,5.079E9
5,Miljøvern,05.1,Avfallshåndtering,2012,5.186E9
5,Miljøvern,05.2,Avløp og spillvann,1996,3.03E9
5,Miljøvern,05.2,Avløp og spillvann,1997,3.306E9
5,Miljøvern,05.2,Avløp og spillvann,1998,3.641E9
5,Miljøvern,05.2,Avløp og spillvann,1999,3.653E9
5,Miljøvern,05.2,Avløp og spillvann,2000,3.643E9
5,Miljøvern,05.2,Avløp og spillvann,2001,3.594E9
5,Miljøvern,05.2,Avløp og spillvann,2002,3.845E9
5,Miljøvern,05.2,Avløp og spillvann,2003,4.053E9
5,Miljøvern,05.2,Avløp og spillvann,2004,4.667E9
5,Miljøvern,05.2,Avløp og spillvann,2005,4.8E9
5,Miljøvern,05.2,Avløp og spillvann,2006,5.003E9
5,Miljøvern,05.2,Avløp og spillvann,2007,5.594E9
5,Miljøvern,05.2,Avløp og spillvann,2008,6.431E9
5,Miljøvern,05.2,Avløp og spillvann,2009,7.204E9
5,Miljøvern,05.2,Avløp og spillvann,2010,7.714E9
5,Miljøvern,05.2,Avløp og spillvann,2011,8.045E9
5,Miljøvern,05.2,Avløp og spillvann,2012,8.776E9
5,Miljøvern,05.3,Forurensningsbekjempelse,1996,3.89E8
5,Miljøvern,05.3,Forurensningsbekjempelse,1997,4.32E8
5,Miljøvern,05.3,Forurensningsbekjempelse,1998,4.12E8
5,Miljøvern,05.3,Forurensningsbekjempelse,1999,6.76E8
5,Miljøvern,05.3,Forurensningsbekjempelse,2000,4.34E8
5,Miljøvern,05.3,Forurensningsbekjempelse,2001,8.76E8
5,Miljøvern,05.3,Forurensningsbekjempelse,2002,6.01E8
5,Miljøvern,05.3,Forurensningsbekjempelse,2003,5.62E8
5,Miljøvern,05.3,Forurensningsbekjempelse,2004,5.37E8
5,Miljøvern,05.3,Forurensningsbekjempelse,2005,6.79E8
5,Miljøvern,05.3,Forurensningsbekjempelse,2006,7.57E8
5,Miljøvern,05.3,Forurensningsbekjempelse,2007,7.27E8
5,Miljøvern,05.3,Forurensningsbekjempelse,2008,8.39E8
5,Miljøvern,05.3,Forurensningsbekjempelse,2009,-5.32E8
5,Miljøvern,05.3,Forurensningsbekjempelse,2010,3.07E8
5,Miljøvern,05.3,Forurensningsbekjempelse,2011,6.81E8
5,Miljøvern,05.3,Forurensningsbekjempelse,2012,7.69E8
5,Miljøvern,05.4,Landskapsvern og biologisk mangfold,1996,4.3E8
5,Miljøvern,05.4,Landskapsvern og biologisk mangfold,1997,4.38E8
5,Miljøvern,05.4,Landskapsvern og biologisk mangfold,1998,4.79E8
5,Miljøvern,05.4,Landskapsvern og biologisk mangfold,1999,5.42E8
5,Miljøvern,05.4,Landskapsvern og biologisk mangfold,2000,5.89E8
5,Miljøvern,05.4,Landskapsvern og biologisk mangfold,2001,7.18E8
5,Miljøvern,05.4,Landskapsvern og biologisk mangfold,2002,6.41E8
5,Miljøvern,05.4,Landskapsvern og biologisk mangfold,2003,6.67E8
5,Miljøvern,05.4,Landskapsvern og biologisk mangfold,2004,6.98E8
5,Miljøvern,05.4,Landskapsvern og biologisk mangfold,2005,7.57E8
5,Miljøvern,05.4,Landskapsvern og biologisk mangfold,2006,7.27E8
5,Miljøvern,05.4,Landskapsvern og biologisk mangfold,2007,8.58E8
5,Miljøvern,05.4,Landskapsvern og biologisk mangfold,2008,1.076E9
5,Miljøvern,05.4,Landskapsvern og biologisk mangfold,2009,1.343E9
5,Miljøvern,05.4,Landskapsvern og biologisk mangfold,2010,1.382E9
5,Miljøvern,05.4,Landskapsvern og biologisk mangfold,2011,1.497E9
5,Miljøvern,05.4,Landskapsvern og biologisk mangfold,2012,1.665E9
5,Miljøvern,05.5,Fou miljøvern,1996,2.42E8
5,Miljøvern,05.5,Fou miljøvern,1997,2.09E8
5,Miljøvern,05.5,Fou miljøvern,1998,2.5E8
5,Miljøvern,05.5,Fou miljøvern,1999,2.07E8
5,Miljøvern,05.5,Fou miljøvern,2000,1.44E8
5,Miljøvern,05.5,Fou miljøvern,2001,1.54E8
5,Miljøvern,05.5,Fou miljøvern,2002,1.56E8
5,Miljøvern,05.5,Fou miljøvern,2003,1.96E8
5,Miljøvern,05.5,Fou miljøvern,2004,2.04E8
5,Miljøvern,05.5,Fou miljøvern,2005,4.15E8
5,Miljøvern,05.5,Fou miljøvern,2006,4.73E8
5,Miljøvern,05.5,Fou miljøvern,2007,4.76E8
5,Miljøvern,05.5,Fou miljøvern,2008,5.2E8
5,Miljøvern,05.5,Fou miljøvern,2009,6.01E8
5,Miljøvern,05.5,Fou miljøvern,2010,6.06E8
5,Miljøvern,05.5,Fou miljøvern,2011,6.5E8
5,Miljøvern,05.5,Fou miljøvern,2012,1.306E9
5,Miljøvern,05.6,Miljøvern ellers,1996,2.65E9
5,Miljøvern,05.6,Miljøvern ellers,1997,2.682E9
5,Miljøvern,05.6,Miljøvern ellers,1998,2.867E9
5,Miljøvern,05.6,Miljøvern ellers,1999,2.996E9
5,Miljøvern,05.6,Miljøvern ellers,2000,2.702E9
5,Miljøvern,05.6,Miljøvern ellers,2001,7.94E8
5,Miljøvern,05.6,Miljøvern ellers,2002,1.112E9
5,Miljøvern,05.6,Miljøvern ellers,2003,1.285E9
5,Miljøvern,05.6,Miljøvern ellers,2004,1.308E9
5,Miljøvern,05.6,Miljøvern ellers,2005,1.577E9
5,Miljøvern,05.6,Miljøvern ellers,2006,1.781E9
5,Miljøvern,05.6,Miljøvern ellers,2007,1.587E9
5,Miljøvern,05.6,Miljøvern ellers,2008,1.739E9
5,Miljøvern,05.6,Miljøvern ellers,2009,2.085E9
5,Miljøvern,05.6,Miljøvern ellers,2010,2.097E9
5,Miljøvern,05.6,Miljøvern ellers,2011,2.229E9
5,Miljøvern,05.6,Miljøvern ellers,2012,2.394E9
6,Bolig og nærmiljø,06.1,Boligutvikling,1996,1.998E9
6,Bolig og nærmiljø,06.1,Boligutvikling,1997,1.7E9
6,Bolig og nærmiljø,06.1,Boligutvikling,1998,2.0E9
6,Bolig og nærmiljø,06.1,Boligutvikling,1999,1.912E9
6,Bolig og nærmiljø,06.1,Boligutvikling,2000,2.25E9
6,Bolig og nærmiljø,06.1,Boligutvikling,2001,9.32E8
6,Bolig og nærmiljø,06.1,Boligutvikling,2002,1.568E9
6,Bolig og nærmiljø,06.1,Boligutvikling,2003,7.374E9
6,Bolig og nærmiljø,06.1,Boligutvikling,2004,6.053E9
6,Bolig og nærmiljø,06.1,Boligutvikling,2005,5.299E9
6,Bolig og nærmiljø,06.1,Boligutvikling,2006,5.487E9
6,Bolig og nærmiljø,06.1,Boligutvikling,2007,8.781E9
6,Bolig og nærmiljø,06.1,Boligutvikling,2008,9.965E9
6,Bolig og nærmiljø,06.1,Boligutvikling,2009,1.0511E10
6,Bolig og nærmiljø,06.1,Boligutvikling,2010,1.1333E10
6,Bolig og nærmiljø,06.1,Boligutvikling,2011,1.1706E10
6,Bolig og nærmiljø,06.1,Boligutvikling,2012,1.2076E10
6,Bolig og nærmiljø,06.2,Nærmiljøutvikling,1996,2.557E9
6,Bolig og nærmiljø,06.2,Nærmiljøutvikling,1997,2.392E9
6,Bolig og nærmiljø,06.2,Nærmiljøutvikling,1998,2.654E9
6,Bolig og nærmiljø,06.2,Nærmiljøutvikling,1999,2.532E9
6,Bolig og nærmiljø,06.2,Nærmiljøutvikling,2000,2.458E9
6,Bolig og nærmiljø,06.2,Nærmiljøutvikling,2001,9.58E8
6,Bolig og nærmiljø,06.2,Nærmiljøutvikling,2002,1.493E9
6,Bolig og nærmiljø,06.2,Nærmiljøutvikling,2003,1.912E9
6,Bolig og nærmiljø,06.2,Nærmiljøutvikling,2004,2.484E9
6,Bolig og nærmiljø,06.2,Nærmiljøutvikling,2005,1.886E9
6,Bolig og nærmiljø,06.2,Nærmiljøutvikling,2006,2.352E9
6,Bolig og nærmiljø,06.2,Nærmiljøutvikling,2007,4000000
6,Bolig og nærmiljø,06.2,Nærmiljøutvikling,2008,2000000
6,Bolig og nærmiljø,06.2,Nærmiljøutvikling,2009,2000000
6,Bolig og nærmiljø,06.2,Nærmiljøutvikling,2010,0
6,Bolig og nærmiljø,06.2,Nærmiljøutvikling,2011,0
6,Bolig og nærmiljø,06.2,Nærmiljøutvikling,2012,0
6,Bolig og nærmiljø,06.3,Vannforsyning,1996,2.055E9
6,Bolig og nærmiljø,06.3,Vannforsyning,1997,2.175E9
6,Bolig og nærmiljø,06.3,Vannforsyning,1998,2.386E9
6,Bolig og nærmiljø,06.3,Vannforsyning,1999,2.696E9
6,Bolig og nærmiljø,06.3,Vannforsyning,2000,2.641E9
6,Bolig og nærmiljø,06.3,Vannforsyning,2001,2.744E9
6,Bolig og nærmiljø,06.3,Vannforsyning,2002,2.751E9
6,Bolig og nærmiljø,06.3,Vannforsyning,2003,3.091E9
6,Bolig og nærmiljø,06.3,Vannforsyning,2004,4.103E9
6,Bolig og nærmiljø,06.3,Vannforsyning,2005,4.289E9
6,Bolig og nærmiljø,06.3,Vannforsyning,2006,4.823E9
6,Bolig og nærmiljø,06.3,Vannforsyning,2007,4.82E9
6,Bolig og nærmiljø,06.3,Vannforsyning,2008,5.496E9
6,Bolig og nærmiljø,06.3,Vannforsyning,2009,5.95E9
6,Bolig og nærmiljø,06.3,Vannforsyning,2010,6.21E9
6,Bolig og nærmiljø,06.3,Vannforsyning,2011,6.6E9
6,Bolig og nærmiljø,06.3,Vannforsyning,2012,6.857E9
6,Bolig og nærmiljø,06.6,Boliger og nærmiljø ellers,1996,9.53E8
6,Bolig og nærmiljø,06.6,Boliger og nærmiljø ellers,1997,8.04E8
6,Bolig og nærmiljø,06.6,Boliger og nærmiljø ellers,1998,6000000
6,Bolig og nærmiljø,06.6,Boliger og nærmiljø ellers,1999,8.25E8
6,Bolig og nærmiljø,06.6,Boliger og nærmiljø ellers,2000,4.63E8
6,Bolig og nærmiljø,06.6,Boliger og nærmiljø ellers,2001,0
6,Bolig og nærmiljø,06.6,Boliger og nærmiljø ellers,2002,0
6,Bolig og nærmiljø,06.6,Boliger og nærmiljø ellers,2003,0
6,Bolig og nærmiljø,06.6,Boliger og nærmiljø ellers,2004,0
6,Bolig og nærmiljø,06.6,Boliger og nærmiljø ellers,2005,0
6,Bolig og nærmiljø,06.6,Boliger og nærmiljø ellers,2006,0
6,Bolig og nærmiljø,06.6,Boliger og nærmiljø ellers,2007,0
6,Bolig og nærmiljø,06.6,Boliger og nærmiljø ellers,2008,0
6,Bolig og nærmiljø,06.6,Boliger og nærmiljø ellers,2009,0
6,Bolig og nærmiljø,06.6,Boliger og nærmiljø ellers,2010,0
6,Bolig og nærmiljø,06.6,Boliger og nærmiljø ellers,2011,0
6,Bolig og nærmiljø,06.6,Boliger og nærmiljø ellers,2012,0
7,Helse,07.1,"Legemidler, hjelpemidler og utstyr",1996,7.361E9
7,Helse,07.1,"Legemidler, hjelpemidler og utstyr",1997,8.172E9
7,Helse,07.1,"Legemidler, hjelpemidler og utstyr",1998,9.257E9
7,Helse,07.1,"Legemidler, hjelpemidler og utstyr",1999,7.826E9
7,Helse,07.1,"Legemidler, hjelpemidler og utstyr",2000,8.684E9
7,Helse,07.1,"Legemidler, hjelpemidler og utstyr",2001,4.153E9
7,Helse,07.1,"Legemidler, hjelpemidler og utstyr",2002,1.2997E10
7,Helse,07.1,"Legemidler, hjelpemidler og utstyr",2003,1.33E10
7,Helse,07.1,"Legemidler, hjelpemidler og utstyr",2004,1.3053E10
7,Helse,07.1,"Legemidler, hjelpemidler og utstyr",2005,1.3186E10
7,Helse,07.1,"Legemidler, hjelpemidler og utstyr",2006,1.3019E10
7,Helse,07.1,"Legemidler, hjelpemidler og utstyr",2007,1.3108E10
7,Helse,07.1,"Legemidler, hjelpemidler og utstyr",2008,1.2982E10
7,Helse,07.1,"Legemidler, hjelpemidler og utstyr",2009,1.3165E10
7,Helse,07.1,"Legemidler, hjelpemidler og utstyr",2010,1.3853E10
7,Helse,07.1,"Legemidler, hjelpemidler og utstyr",2011,1.3578E10
7,Helse,07.1,"Legemidler, hjelpemidler og utstyr",2012,1.4123E10
7,Helse,07.2,Legetjenester mv.,1996,1.8754E10
7,Helse,07.2,Legetjenester mv.,1997,1.9792E10
7,Helse,07.2,Legetjenester mv.,1998,2.2006E10
7,Helse,07.2,Legetjenester mv.,1999,2.4457E10
7,Helse,07.2,Legetjenester mv.,2000,2.6501E10
7,Helse,07.2,Legetjenester mv.,2001,1.5199E10
7,Helse,07.2,Legetjenester mv.,2002,1.5223E10
7,Helse,07.2,Legetjenester mv.,2003,2.371E10
7,Helse,07.2,Legetjenester mv.,2004,2.6544E10
7,Helse,07.2,Legetjenester mv.,2005,3.0822E10
7,Helse,07.2,Legetjenester mv.,2006,3.2571E10
7,Helse,07.2,Legetjenester mv.,2007,3.434E10
7,Helse,07.2,Legetjenester mv.,2008,3.6934E10
7,Helse,07.2,Legetjenester mv.,2009,4.0202E10
7,Helse,07.2,Legetjenester mv.,2010,4.4403E10
7,Helse,07.2,Legetjenester mv.,2011,4.7158E10
7,Helse,07.2,Legetjenester mv.,2012,4.9704E10
7,Helse,07.3,Sykehustjenester,1996,4.1994E10
7,Helse,07.3,Sykehustjenester,1997,4.6213E10
7,Helse,07.3,Sykehustjenester,1998,5.2159E10
7,Helse,07.3,Sykehustjenester,1999,5.774E10
7,Helse,07.3,Sykehustjenester,2000,6.1508E10
7,Helse,07.3,Sykehustjenester,2001,8.6096E10
7,Helse,07.3,Sykehustjenester,2002,8.6217E10
7,Helse,07.3,Sykehustjenester,2003,8.6285E10
7,Helse,07.3,Sykehustjenester,2004,8.8534E10
7,Helse,07.3,Sykehustjenester,2005,9.0496E10
7,Helse,07.3,Sykehustjenester,2006,9.637E10
7,Helse,07.3,Sykehustjenester,2007,1.04495E11
7,Helse,07.3,Sykehustjenester,2008,1.10893E11
7,Helse,07.3,Sykehustjenester,2009,1.16039E11
7,Helse,07.3,Sykehustjenester,2010,1.17846E11
7,Helse,07.3,Sykehustjenester,2011,1.25453E11
7,Helse,07.3,Sykehustjenester,2012,1.33949E11
7,Helse,07.4,Forebyggende helsearbeid,1996,1.677E9
7,Helse,07.4,Forebyggende helsearbeid,1997,1.989E9
7,Helse,07.4,Forebyggende helsearbeid,1998,2.222E9
7,Helse,07.4,Forebyggende helsearbeid,1999,3.047E9
7,Helse,07.4,Forebyggende helsearbeid,2000,3.019E9
7,Helse,07.4,Forebyggende helsearbeid,2001,3.257E9
7,Helse,07.4,Forebyggende helsearbeid,2002,3.537E9
7,Helse,07.4,Forebyggende helsearbeid,2003,3.84E9
7,Helse,07.4,Forebyggende helsearbeid,2004,4.067E9
7,Helse,07.4,Forebyggende helsearbeid,2005,3.892E9
7,Helse,07.4,Forebyggende helsearbeid,2006,4.214E9
7,Helse,07.4,Forebyggende helsearbeid,2007,4.839E9
7,Helse,07.4,Forebyggende helsearbeid,2008,5.228E9
7,Helse,07.4,Forebyggende helsearbeid,2009,6.208E9
7,Helse,07.4,Forebyggende helsearbeid,2010,6.512E9
7,Helse,07.4,Forebyggende helsearbeid,2011,6.914E9
7,Helse,07.4,Forebyggende helsearbeid,2012,7.316E9
7,Helse,07.5,Fou helse,1996,5.04E8
7,Helse,07.5,Fou helse,1997,5.21E8
7,Helse,07.5,Fou helse,1998,6.37E8
7,Helse,07.5,Fou helse,1999,6.52E8
7,Helse,07.5,Fou helse,2000,7.21E8
7,Helse,07.5,Fou helse,2001,2.69E8
7,Helse,07.5,Fou helse,2002,7.75E8
7,Helse,07.5,Fou helse,2003,7.31E8
7,Helse,07.5,Fou helse,2004,8.83E8
7,Helse,07.5,Fou helse,2005,5.37E8
7,Helse,07.5,Fou helse,2006,6.37E8
7,Helse,07.5,Fou helse,2007,6.46E8
7,Helse,07.5,Fou helse,2008,6.83E8
7,Helse,07.5,Fou helse,2009,7.44E8
7,Helse,07.5,Fou helse,2010,6.86E8
7,Helse,07.5,Fou helse,2011,7.26E8
7,Helse,07.5,Fou helse,2012,7.04E8
7,Helse,07.6,Helse ellers,1996,4.47E8
7,Helse,07.6,Helse ellers,1997,4.82E8
7,Helse,07.6,Helse ellers,1998,5.13E8
7,Helse,07.6,Helse ellers,1999,6.26E8
7,Helse,07.6,Helse ellers,2000,6.32E8
7,Helse,07.6,Helse ellers,2001,6.81E8
7,Helse,07.6,Helse ellers,2002,1.397E9
7,Helse,07.6,Helse ellers,2003,1.29E9
7,Helse,07.6,Helse ellers,2004,9.3E8
7,Helse,07.6,Helse ellers,2005,1.743E9
7,Helse,07.6,Helse ellers,2006,1.745E9
7,Helse,07.6,Helse ellers,2007,1.895E9
7,Helse,07.6,Helse ellers,2008,2.637E9
7,Helse,07.6,Helse ellers,2009,2.677E9
7,Helse,07.6,Helse ellers,2010,4.339E9
7,Helse,07.6,Helse ellers,2011,4.366E9
7,Helse,07.6,Helse ellers,2012,4.641E9
8,"Fritid, kultur og religion",08.1,Fritid og sport,1996,2.847E9
8,"Fritid, kultur og religion",08.1,Fritid og sport,1997,2.886E9
8,"Fritid, kultur og religion",08.1,Fritid og sport,1998,3.049E9
8,"Fritid, kultur og religion",08.1,Fritid og sport,1999,3.133E9
8,"Fritid, kultur og religion",08.1,Fritid og sport,2000,3.421E9
8,"Fritid, kultur og religion",08.1,Fritid og sport,2001,3.426E9
8,"Fritid, kultur og religion",08.1,Fritid og sport,2002,3.968E9
8,"Fritid, kultur og religion",08.1,Fritid og sport,2003,4.574E9
8,"Fritid, kultur og religion",08.1,Fritid og sport,2004,4.977E9
8,"Fritid, kultur og religion",08.1,Fritid og sport,2005,4.975E9
8,"Fritid, kultur og religion",08.1,Fritid og sport,2006,5.352E9
8,"Fritid, kultur og religion",08.1,Fritid og sport,2007,6.146E9
8,"Fritid, kultur og religion",08.1,Fritid og sport,2008,7.082E9
8,"Fritid, kultur og religion",08.1,Fritid og sport,2009,8.782E9
8,"Fritid, kultur og religion",08.1,Fritid og sport,2010,9.32E9
8,"Fritid, kultur og religion",08.1,Fritid og sport,2011,9.402E9
8,"Fritid, kultur og religion",08.1,Fritid og sport,2012,9.501E9
8,"Fritid, kultur og religion",08.2,Kultur,1996,5.239E9
8,"Fritid, kultur og religion",08.2,Kultur,1997,5.502E9
8,"Fritid, kultur og religion",08.2,Kultur,1998,5.826E9
8,"Fritid, kultur og religion",08.2,Kultur,1999,6.267E9
8,"Fritid, kultur og religion",08.2,Kultur,2000,6.266E9
8,"Fritid, kultur og religion",08.2,Kultur,2001,6.09E9
8,"Fritid, kultur og religion",08.2,Kultur,2002,6.684E9
8,"Fritid, kultur og religion",08.2,Kultur,2003,6.806E9
8,"Fritid, kultur og religion",08.2,Kultur,2004,7.191E9
8,"Fritid, kultur og religion",08.2,Kultur,2005,7.611E9
8,"Fritid, kultur og religion",08.2,Kultur,2006,7.968E9
8,"Fritid, kultur og religion",08.2,Kultur,2007,8.926E9
8,"Fritid, kultur og religion",08.2,Kultur,2008,1.0505E10
8,"Fritid, kultur og religion",08.2,Kultur,2009,1.2319E10
8,"Fritid, kultur og religion",08.2,Kultur,2010,1.2524E10
8,"Fritid, kultur og religion",08.2,Kultur,2011,1.3205E10
8,"Fritid, kultur og religion",08.2,Kultur,2012,1.3821E10
8,"Fritid, kultur og religion",08.3,Kringkasting og forlagsvirksomhet,1996,3.32E8
8,"Fritid, kultur og religion",08.3,Kringkasting og forlagsvirksomhet,1997,3.41E8
8,"Fritid, kultur og religion",08.3,Kringkasting og forlagsvirksomhet,1998,3.14E8
8,"Fritid, kultur og religion",08.3,Kringkasting og forlagsvirksomhet,1999,2.31E8
8,"Fritid, kultur og religion",08.3,Kringkasting og forlagsvirksomhet,2000,2.35E8
8,"Fritid, kultur og religion",08.3,Kringkasting og forlagsvirksomhet,2001,2.44E8
8,"Fritid, kultur og religion",08.3,Kringkasting og forlagsvirksomhet,2002,3.0E8
8,"Fritid, kultur og religion",08.3,Kringkasting og forlagsvirksomhet,2003,2.93E8
8,"Fritid, kultur og religion",08.3,Kringkasting og forlagsvirksomhet,2004,3.08E8
8,"Fritid, kultur og religion",08.3,Kringkasting og forlagsvirksomhet,2005,2.79E8
8,"Fritid, kultur og religion",08.3,Kringkasting og forlagsvirksomhet,2006,2.91E8
8,"Fritid, kultur og religion",08.3,Kringkasting og forlagsvirksomhet,2007,3.07E8
8,"Fritid, kultur og religion",08.3,Kringkasting og forlagsvirksomhet,2008,2.98E8
8,"Fritid, kultur og religion",08.3,Kringkasting og forlagsvirksomhet,2009,3.02E8
8,"Fritid, kultur og religion",08.3,Kringkasting og forlagsvirksomhet,2010,3.11E8
8,"Fritid, kultur og religion",08.3,Kringkasting og forlagsvirksomhet,2011,3.21E8
8,"Fritid, kultur og religion",08.3,Kringkasting og forlagsvirksomhet,2012,3.26E8
8,"Fritid, kultur og religion",08.4,Religiøse og andre fellesskapsaktiviteter,1996,2.7E9
8,"Fritid, kultur og religion",08.4,Religiøse og andre fellesskapsaktiviteter,1997,3.125E9
8,"Fritid, kultur og religion",08.4,Religiøse og andre fellesskapsaktiviteter,1998,3.283E9
8,"Fritid, kultur og religion",08.4,Religiøse og andre fellesskapsaktiviteter,1999,3.733E9
8,"Fritid, kultur og religion",08.4,Religiøse og andre fellesskapsaktiviteter,2000,3.873E9
8,"Fritid, kultur og religion",08.4,Religiøse og andre fellesskapsaktiviteter,2001,4.196E9
8,"Fritid, kultur og religion",08.4,Religiøse og andre fellesskapsaktiviteter,2002,4.5E9
8,"Fritid, kultur og religion",08.4,Religiøse og andre fellesskapsaktiviteter,2003,4.498E9
8,"Fritid, kultur og religion",08.4,Religiøse og andre fellesskapsaktiviteter,2004,4.511E9
8,"Fritid, kultur og religion",08.4,Religiøse og andre fellesskapsaktiviteter,2005,4.732E9
8,"Fritid, kultur og religion",08.4,Religiøse og andre fellesskapsaktiviteter,2006,5.01E9
8,"Fritid, kultur og religion",08.4,Religiøse og andre fellesskapsaktiviteter,2007,5.766E9
8,"Fritid, kultur og religion",08.4,Religiøse og andre fellesskapsaktiviteter,2008,6.817E9
8,"Fritid, kultur og religion",08.4,Religiøse og andre fellesskapsaktiviteter,2009,7.07E9
8,"Fritid, kultur og religion",08.4,Religiøse og andre fellesskapsaktiviteter,2010,7.048E9
8,"Fritid, kultur og religion",08.4,Religiøse og andre fellesskapsaktiviteter,2011,8.373E9
8,"Fritid, kultur og religion",08.4,Religiøse og andre fellesskapsaktiviteter,2012,8.803E9
8,"Fritid, kultur og religion",08.6,"Fritid, kultur og religion ellers",1996,1.305E9
8,"Fritid, kultur og religion",08.6,"Fritid, kultur og religion ellers",1997,1.428E9
8,"Fritid, kultur og religion",08.6,"Fritid, kultur og religion ellers",1998,1.545E9
8,"Fritid, kultur og religion",08.6,"Fritid, kultur og religion ellers",1999,1.775E9
8,"Fritid, kultur og religion",08.6,"Fritid, kultur og religion ellers",2000,1.915E9
8,"Fritid, kultur og religion",08.6,"Fritid, kultur og religion ellers",2001,2.199E9
8,"Fritid, kultur og religion",08.6,"Fritid, kultur og religion ellers",2002,2.252E9
8,"Fritid, kultur og religion",08.6,"Fritid, kultur og religion ellers",2003,2.477E9
8,"Fritid, kultur og religion",08.6,"Fritid, kultur og religion ellers",2004,2.714E9
8,"Fritid, kultur og religion",08.6,"Fritid, kultur og religion ellers",2005,2.793E9
8,"Fritid, kultur og religion",08.6,"Fritid, kultur og religion ellers",2006,2.964E9
8,"Fritid, kultur og religion",08.6,"Fritid, kultur og religion ellers",2007,3.859E9
8,"Fritid, kultur og religion",08.6,"Fritid, kultur og religion ellers",2008,3.583E9
8,"Fritid, kultur og religion",08.6,"Fritid, kultur og religion ellers",2009,3.503E9
8,"Fritid, kultur og religion",08.6,"Fritid, kultur og religion ellers",2010,3.616E9
8,"Fritid, kultur og religion",08.6,"Fritid, kultur og religion ellers",2011,3.811E9
8,"Fritid, kultur og religion",08.6,"Fritid, kultur og religion ellers",2012,3.536E9
9,Utdanning,09.1,Førskole og barneskole,1996,2.2786E10
9,Utdanning,09.1,Førskole og barneskole,1997,2.9138E10
9,Utdanning,09.1,Førskole og barneskole,1998,2.9382E10
9,Utdanning,09.1,Førskole og barneskole,1999,3.034E10
9,Utdanning,09.1,Førskole og barneskole,2000,3.255E10
9,Utdanning,09.1,Førskole og barneskole,2001,3.7122E10
9,Utdanning,09.1,Førskole og barneskole,2002,3.9672E10
9,Utdanning,09.1,Førskole og barneskole,2003,4.3338E10
9,Utdanning,09.1,Førskole og barneskole,2004,4.4231E10
9,Utdanning,09.1,Førskole og barneskole,2005,4.5875E10
9,Utdanning,09.1,Førskole og barneskole,2006,4.8619E10
9,Utdanning,09.1,Førskole og barneskole,2007,5.1807E10
9,Utdanning,09.1,Førskole og barneskole,2008,5.494E10
9,Utdanning,09.1,Førskole og barneskole,2009,5.9721E10
9,Utdanning,09.1,Førskole og barneskole,2010,6.2247E10
9,Utdanning,09.1,Førskole og barneskole,2011,6.2908E10
9,Utdanning,09.1,Førskole og barneskole,2012,6.4652E10
9,Utdanning,09.2,Ungdomsskole og videregående skole,1996,1.625E10
9,Utdanning,09.2,Ungdomsskole og videregående skole,1997,1.6639E10
9,Utdanning,09.2,Ungdomsskole og videregående skole,1998,1.7511E10
9,Utdanning,09.2,Ungdomsskole og videregående skole,1999,1.7254E10
9,Utdanning,09.2,Ungdomsskole og videregående skole,2000,1.8544E10
9,Utdanning,09.2,Ungdomsskole og videregående skole,2001,2.0627E10
9,Utdanning,09.2,Ungdomsskole og videregående skole,2002,2.0827E10
9,Utdanning,09.2,Ungdomsskole og videregående skole,2003,2.3077E10
9,Utdanning,09.2,Ungdomsskole og videregående skole,2004,2.5096E10
9,Utdanning,09.2,Ungdomsskole og videregående skole,2005,2.2538E10
9,Utdanning,09.2,Ungdomsskole og videregående skole,2006,2.4313E10
9,Utdanning,09.2,Ungdomsskole og videregående skole,2007,2.638E10
9,Utdanning,09.2,Ungdomsskole og videregående skole,2008,2.747E10
9,Utdanning,09.2,Ungdomsskole og videregående skole,2009,2.982E10
9,Utdanning,09.2,Ungdomsskole og videregående skole,2010,3.0062E10
9,Utdanning,09.2,Ungdomsskole og videregående skole,2011,3.0696E10
9,Utdanning,09.2,Ungdomsskole og videregående skole,2012,3.1883E10
9,Utdanning,09.4,Universitets- og høgskoleutdanning,1996,1.7309E10
9,Utdanning,09.4,Universitets- og høgskoleutdanning,1997,1.8554E10
9,Utdanning,09.4,Universitets- og høgskoleutdanning,1998,1.9937E10
9,Utdanning,09.4,Universitets- og høgskoleutdanning,1999,2.103E10
9,Utdanning,09.4,Universitets- og høgskoleutdanning,2000,2.2671E10
9,Utdanning,09.4,Universitets- og høgskoleutdanning,2001,2.4145E10
9,Utdanning,09.4,Universitets- og høgskoleutdanning,2002,2.6089E10
9,Utdanning,09.4,Universitets- og høgskoleutdanning,2003,2.9421E10
9,Utdanning,09.4,Universitets- og høgskoleutdanning,2004,2.845E10
9,Utdanning,09.4,Universitets- og høgskoleutdanning,2005,2.976E10
9,Utdanning,09.4,Universitets- og høgskoleutdanning,2006,3.1199E10
9,Utdanning,09.4,Universitets- og høgskoleutdanning,2007,3.2497E10
9,Utdanning,09.4,Universitets- og høgskoleutdanning,2008,3.4774E10
9,Utdanning,09.4,Universitets- og høgskoleutdanning,2009,3.6556E10
9,Utdanning,09.4,Universitets- og høgskoleutdanning,2010,3.8028E10
9,Utdanning,09.4,Universitets- og høgskoleutdanning,2011,3.9165E10
9,Utdanning,09.4,Universitets- og høgskoleutdanning,2012,4.0986E10
9,Utdanning,09.5,Utdanning udefinert nivå,1996,3.198E9
9,Utdanning,09.5,Utdanning udefinert nivå,1997,3.314E9
9,Utdanning,09.5,Utdanning udefinert nivå,1998,3.601E9
9,Utdanning,09.5,Utdanning udefinert nivå,1999,4.342E9
9,Utdanning,09.5,Utdanning udefinert nivå,2000,4.398E9
9,Utdanning,09.5,Utdanning udefinert nivå,2001,4.708E9
9,Utdanning,09.5,Utdanning udefinert nivå,2002,5.557E9
9,Utdanning,09.5,Utdanning udefinert nivå,2003,5.942E9
9,Utdanning,09.5,Utdanning udefinert nivå,2004,5.992E9
9,Utdanning,09.5,Utdanning udefinert nivå,2005,7.609E9
9,Utdanning,09.5,Utdanning udefinert nivå,2006,7.974E9
9,Utdanning,09.5,Utdanning udefinert nivå,2007,8.595E9
9,Utdanning,09.5,Utdanning udefinert nivå,2008,9.259E9
9,Utdanning,09.5,Utdanning udefinert nivå,2009,9.755E9
9,Utdanning,09.5,Utdanning udefinert nivå,2010,1.0686E10
9,Utdanning,09.5,Utdanning udefinert nivå,2011,1.1191E10
9,Utdanning,09.5,Utdanning udefinert nivå,2012,1.1819E10
9,Utdanning,09.6,Støttetjenester tilknyttet utdanning,1996,1.87E8
9,Utdanning,09.6,Støttetjenester tilknyttet utdanning,1997,2.08E8
9,Utdanning,09.6,Støttetjenester tilknyttet utdanning,1998,2.03E8
9,Utdanning,09.6,Støttetjenester tilknyttet utdanning,1999,3.2E8
9,Utdanning,09.6,Støttetjenester tilknyttet utdanning,2000,3.21E8
9,Utdanning,09.6,Støttetjenester tilknyttet utdanning,2001,1.24E9
9,Utdanning,09.6,Støttetjenester tilknyttet utdanning,2002,1.085E9
9,Utdanning,09.6,Støttetjenester tilknyttet utdanning,2003,1.156E9
9,Utdanning,09.6,Støttetjenester tilknyttet utdanning,2004,1.074E9
9,Utdanning,09.6,Støttetjenester tilknyttet utdanning,2005,1.887E9
9,Utdanning,09.6,Støttetjenester tilknyttet utdanning,2006,2.07E9
9,Utdanning,09.6,Støttetjenester tilknyttet utdanning,2007,2.229E9
9,Utdanning,09.6,Støttetjenester tilknyttet utdanning,2008,3.59E9
9,Utdanning,09.6,Støttetjenester tilknyttet utdanning,2009,4.005E9
9,Utdanning,09.6,Støttetjenester tilknyttet utdanning,2010,4.262E9
9,Utdanning,09.6,Støttetjenester tilknyttet utdanning,2011,4.537E9
9,Utdanning,09.6,Støttetjenester tilknyttet utdanning,2012,4.822E9
9,Utdanning,09.8,Utdanning ellers,1996,4.207E9
9,Utdanning,09.8,Utdanning ellers,1997,4.428E9
9,Utdanning,09.8,Utdanning ellers,1998,5.043E9
9,Utdanning,09.8,Utdanning ellers,1999,4.991E9
9,Utdanning,09.8,Utdanning ellers,2000,4.29E9
9,Utdanning,09.8,Utdanning ellers,2001,1.63E9
9,Utdanning,09.8,Utdanning ellers,2002,1.742E9
9,Utdanning,09.8,Utdanning ellers,2003,1.752E9
9,Utdanning,09.8,Utdanning ellers,2004,1.763E9
9,Utdanning,09.8,Utdanning ellers,2005,1.664E9
9,Utdanning,09.8,Utdanning ellers,2006,1.428E9
9,Utdanning,09.8,Utdanning ellers,2007,1.453E9
9,Utdanning,09.8,Utdanning ellers,2008,1.633E9
9,Utdanning,09.8,Utdanning ellers,2009,2.04E9
9,Utdanning,09.8,Utdanning ellers,2010,2.31E9
9,Utdanning,09.8,Utdanning ellers,2011,2.476E9
9,Utdanning,09.8,Utdanning ellers,2012,2.732E9
10,Sosial beskyttelse,10.91,Sykdom og uførhet,1996,4.5033E10
10,Sosial beskyttelse,10.91,Sykdom og uførhet,1997,4.888E10
10,Sosial beskyttelse,10.91,Sykdom og uførhet,1998,5.4466E10
10,Sosial beskyttelse,10.91,Sykdom og uførhet,1999,6.0808E10
10,Sosial beskyttelse,10.91,Sykdom og uførhet,2000,6.7747E10
10,Sosial beskyttelse,10.91,Sykdom og uførhet,2001,9.3955E10
10,Sosial beskyttelse,10.91,Sykdom og uførhet,2002,1.00059E11
10,Sosial beskyttelse,10.91,Sykdom og uførhet,2003,1.11542E11
10,Sosial beskyttelse,10.91,Sykdom og uførhet,2004,1.16255E11
10,Sosial beskyttelse,10.91,Sykdom og uførhet,2005,1.19391E11
10,Sosial beskyttelse,10.91,Sykdom og uførhet,2006,1.25387E11
10,Sosial beskyttelse,10.91,Sykdom og uførhet,2007,1.33047E11
10,Sosial beskyttelse,10.91,Sykdom og uførhet,2008,1.45353E11
10,Sosial beskyttelse,10.91,Sykdom og uførhet,2009,1.58937E11
10,Sosial beskyttelse,10.91,Sykdom og uførhet,2010,1.65136E11
10,Sosial beskyttelse,10.91,Sykdom og uførhet,2011,1.75015E11
10,Sosial beskyttelse,10.91,Sykdom og uførhet,2012,1.81061E11
10,Sosial beskyttelse,10.92,Alderdom,1996,6.9752E10
10,Sosial beskyttelse,10.92,Alderdom,1997,7.358E10
10,Sosial beskyttelse,10.92,Alderdom,1998,8.1132E10
10,Sosial beskyttelse,10.92,Alderdom,1999,8.7692E10
10,Sosial beskyttelse,10.92,Alderdom,2000,9.488E10
10,Sosial beskyttelse,10.92,Alderdom,2001,7.8056E10
10,Sosial beskyttelse,10.92,Alderdom,2002,8.4372E10
10,Sosial beskyttelse,10.92,Alderdom,2003,8.9543E10
10,Sosial beskyttelse,10.92,Alderdom,2004,9.433E10
10,Sosial beskyttelse,10.92,Alderdom,2005,9.9394E10
10,Sosial beskyttelse,10.92,Alderdom,2006,1.05337E11
10,Sosial beskyttelse,10.92,Alderdom,2007,1.13541E11
10,Sosial beskyttelse,10.92,Alderdom,2008,1.23323E11
10,Sosial beskyttelse,10.92,Alderdom,2009,1.32043E11
10,Sosial beskyttelse,10.92,Alderdom,2010,1.41591E11
10,Sosial beskyttelse,10.92,Alderdom,2011,1.57754E11
10,Sosial beskyttelse,10.92,Alderdom,2012,1.73885E11
10,Sosial beskyttelse,10.93,Etterlatte,1996,4.112E9
10,Sosial beskyttelse,10.93,Etterlatte,1997,4.261E9
10,Sosial beskyttelse,10.93,Etterlatte,1998,4.402E9
10,Sosial beskyttelse,10.93,Etterlatte,1999,4.388E9
10,Sosial beskyttelse,10.93,Etterlatte,2000,2.267E9
10,Sosial beskyttelse,10.93,Etterlatte,2001,5.312E9
10,Sosial beskyttelse,10.93,Etterlatte,2002,4.953E9
10,Sosial beskyttelse,10.93,Etterlatte,2003,5.171E9
10,Sosial beskyttelse,10.93,Etterlatte,2004,5.423E9
10,Sosial beskyttelse,10.93,Etterlatte,2005,5.403E9
10,Sosial beskyttelse,10.93,Etterlatte,2006,5.486E9
10,Sosial beskyttelse,10.93,Etterlatte,2007,5.693E9
10,Sosial beskyttelse,10.93,Etterlatte,2008,5.957E9
10,Sosial beskyttelse,10.93,Etterlatte,2009,6.065E9
10,Sosial beskyttelse,10.93,Etterlatte,2010,6.254E9
10,Sosial beskyttelse,10.93,Etterlatte,2011,6.394E9
10,Sosial beskyttelse,10.93,Etterlatte,2012,6.778E9
10,Sosial beskyttelse,10.94,Barn og familie,1996,3.5676E10
10,Sosial beskyttelse,10.94,Barn og familie,1997,3.7123E10
10,Sosial beskyttelse,10.94,Barn og familie,1998,4.0073E10
10,Sosial beskyttelse,10.94,Barn og familie,1999,4.2974E10
10,Sosial beskyttelse,10.94,Barn og familie,2000,4.4847E10
10,Sosial beskyttelse,10.94,Barn og familie,2001,4.8767E10
10,Sosial beskyttelse,10.94,Barn og familie,2002,5.1169E10
10,Sosial beskyttelse,10.94,Barn og familie,2003,5.4238E10
10,Sosial beskyttelse,10.94,Barn og familie,2004,5.8048E10
10,Sosial beskyttelse,10.94,Barn og familie,2005,6.121E10
10,Sosial beskyttelse,10.94,Barn og familie,2006,6.6405E10
10,Sosial beskyttelse,10.94,Barn og familie,2007,7.206E10
10,Sosial beskyttelse,10.94,Barn og familie,2008,7.8561E10
10,Sosial beskyttelse,10.94,Barn og familie,2009,8.5139E10
10,Sosial beskyttelse,10.94,Barn og familie,2010,8.8564E10
10,Sosial beskyttelse,10.94,Barn og familie,2011,9.3694E10
10,Sosial beskyttelse,10.94,Barn og familie,2012,9.7098E10
10,Sosial beskyttelse,10.95,Arbeidsledighet,1996,1.0382E10
10,Sosial beskyttelse,10.95,Arbeidsledighet,1997,8.55E9
10,Sosial beskyttelse,10.95,Arbeidsledighet,1998,6.287E9
10,Sosial beskyttelse,10.95,Arbeidsledighet,1999,6.244E9
10,Sosial beskyttelse,10.95,Arbeidsledighet,2000,7.618E9
10,Sosial beskyttelse,10.95,Arbeidsledighet,2001,8.683E9
10,Sosial beskyttelse,10.95,Arbeidsledighet,2002,1.0403E10
10,Sosial beskyttelse,10.95,Arbeidsledighet,2003,1.368E10
10,Sosial beskyttelse,10.95,Arbeidsledighet,2004,1.4535E10
10,Sosial beskyttelse,10.95,Arbeidsledighet,2005,1.2043E10
10,Sosial beskyttelse,10.95,Arbeidsledighet,2006,7.837E9
10,Sosial beskyttelse,10.95,Arbeidsledighet,2007,5.789E9
10,Sosial beskyttelse,10.95,Arbeidsledighet,2008,5.477E9
10,Sosial beskyttelse,10.95,Arbeidsledighet,2009,1.0595E10
10,Sosial beskyttelse,10.95,Arbeidsledighet,2010,1.3051E10
10,Sosial beskyttelse,10.95,Arbeidsledighet,2011,1.1716E10
10,Sosial beskyttelse,10.95,Arbeidsledighet,2012,1.0573E10
10,Sosial beskyttelse,10.96,Bostøtte,1996,2.865E9
10,Sosial beskyttelse,10.96,Bostøtte,1997,1.372E9
10,Sosial beskyttelse,10.96,Bostøtte,1998,1.558E9
10,Sosial beskyttelse,10.96,Bostøtte,1999,1.556E9
10,Sosial beskyttelse,10.96,Bostøtte,2000,1.637E9
10,Sosial beskyttelse,10.96,Bostøtte,2001,3.378E9
10,Sosial beskyttelse,10.96,Bostøtte,2002,7.123E9
10,Sosial beskyttelse,10.96,Bostøtte,2003,1.494E9
10,Sosial beskyttelse,10.96,Bostøtte,2004,2.036E9
10,Sosial beskyttelse,10.96,Bostøtte,2005,2.054E9
10,Sosial beskyttelse,10.96,Bostøtte,2006,2.214E9
10,Sosial beskyttelse,10.96,Bostøtte,2007,2.336E9
10,Sosial beskyttelse,10.96,Bostøtte,2008,2.421E9
10,Sosial beskyttelse,10.96,Bostøtte,2009,2.702E9
10,Sosial beskyttelse,10.96,Bostøtte,2010,3.148E9
10,Sosial beskyttelse,10.96,Bostøtte,2011,3.55E9
10,Sosial beskyttelse,10.96,Bostøtte,2012,3.121E9
10,Sosial beskyttelse,10.97,Sosial inkludering ellers,1996,5.812E9
10,Sosial beskyttelse,10.97,Sosial inkludering ellers,1997,5.748E9
10,Sosial beskyttelse,10.97,Sosial inkludering ellers,1998,5.757E9
10,Sosial beskyttelse,10.97,Sosial inkludering ellers,1999,6.394E9
10,Sosial beskyttelse,10.97,Sosial inkludering ellers,2000,6.757E9
10,Sosial beskyttelse,10.97,Sosial inkludering ellers,2001,1.0511E10
10,Sosial beskyttelse,10.97,Sosial inkludering ellers,2002,9.175E9
10,Sosial beskyttelse,10.97,Sosial inkludering ellers,2003,1.0914E10
10,Sosial beskyttelse,10.97,Sosial inkludering ellers,2004,1.117E10
10,Sosial beskyttelse,10.97,Sosial inkludering ellers,2005,1.2758E10
10,Sosial beskyttelse,10.97,Sosial inkludering ellers,2006,1.3011E10
10,Sosial beskyttelse,10.97,Sosial inkludering ellers,2007,1.37E10
10,Sosial beskyttelse,10.97,Sosial inkludering ellers,2008,1.5711E10
10,Sosial beskyttelse,10.97,Sosial inkludering ellers,2009,1.8295E10
10,Sosial beskyttelse,10.97,Sosial inkludering ellers,2010,1.9803E10
10,Sosial beskyttelse,10.97,Sosial inkludering ellers,2011,2.0099E10
10,Sosial beskyttelse,10.97,Sosial inkludering ellers,2012,2.0361E10
10,Sosial beskyttelse,10.99,Sosial beskyttelse ellers,1996,5.201E9
10,Sosial beskyttelse,10.99,Sosial beskyttelse ellers,1997,4.947E9
10,Sosial beskyttelse,10.99,Sosial beskyttelse ellers,1998,5.062E9
10,Sosial beskyttelse,10.99,Sosial beskyttelse ellers,1999,5.35E9
10,Sosial beskyttelse,10.99,Sosial beskyttelse ellers,2000,5.447E9
10,Sosial beskyttelse,10.99,Sosial beskyttelse ellers,2001,4.394E9
10,Sosial beskyttelse,10.99,Sosial beskyttelse ellers,2002,4.152E9
10,Sosial beskyttelse,10.99,Sosial beskyttelse ellers,2003,3.504E9
10,Sosial beskyttelse,10.99,Sosial beskyttelse ellers,2004,4.071E9
10,Sosial beskyttelse,10.99,Sosial beskyttelse ellers,2005,4.721E9
10,Sosial beskyttelse,10.99,Sosial beskyttelse ellers,2006,9.095E9
10,Sosial beskyttelse,10.99,Sosial beskyttelse ellers,2007,1.0386E10
10,Sosial beskyttelse,10.99,Sosial beskyttelse ellers,2008,1.2708E10
10,Sosial beskyttelse,10.99,Sosial beskyttelse ellers,2009,1.2599E10
10,Sosial beskyttelse,10.99,Sosial beskyttelse ellers,2010,1.2266E10
10,Sosial beskyttelse,10.99,Sosial beskyttelse ellers,2011,1.2045E10
10,Sosial beskyttelse,10.99,Sosial beskyttelse ellers,2012,1.2777E10
